Category,Product Code,Product Description,Sale Price,y/n
VISWAS FROZEN SNACKS,VSBAN,VIS BANANA ROAST 454G X12,34.99,
VISWAS FROZEN SNACKS,VSBANF-M,VIS BANANA FRY 350G X12,23.99,
VISWAS FROZEN SNACKS,VSBANFRY908,VIS BANANA FRY FAMILY 908G X12,58.99,
VISWAS FROZEN SNACKS,VSCUTL,VIS CUTLET VEG 350GX 12 @2.20,26.49,
VISWAS FROZEN SNACKS,VSEL,VIS ELAYADA JACKFRUIT 350G X12,23.99,
VISWAS FROZEN SNACKS,VSELAYJAG,VIS ELAYADA JAGGERY 350G X12,23.99,
VISWAS FROZEN SNACKS,VSHALWAR,VIS HALWA RED 400G X 14,33.46,
VISWAS FROZEN SNACKS,VSJAL,VIS JILEBI 227G X12 @1.99,23.88,
VISWAS FROZEN SNACKS,VSKOZ,VIS KOZHUKKATTA 350G X12,23.88,
VISWAS FROZEN SNACKS,VSKUM,VIS KUMBILAPPAM JACKFRUIT 350g x12,23.88,
VISWAS FROZEN SNACKS,VSKUMBILFA,VIS KUMBILAPPAM JACKFRUIT FAMILY 908 X 12,56.28,
VISWAS FROZEN SNACKS,VSLAD-M,VIS LADDU 350G X12,26.49,
VISWAS FROZEN SNACKS,VSNEY,VIS NEYYAPPAM 350G X12,23.88,
VISWAS FROZEN SNACKS,VSNEYYAP,VIS NEYYAPPAM FAMILY 908G X12,53.88,
VISWAS FROZEN SNACKS,VSPALLA,VIS PALAPAM 250G X10,16.99,
VISWAS FROZEN SNACKS,VSPAR,VIS PARIPPUVADA 350G X12,23.88,
VISWAS FROZEN SNACKS,VSPARIPF12,VIS PARIPPUVADA FAMILY 908G X 12,53.99,
VISWAS FROZEN SNACKS,VSPUTKADW,VIS PUTTU N KADALA CURRY 454 X 10,24.9,
VISWAS FROZEN SNACKS,VSSU,VIS SUKHIYAN 350G X12,23.88,
VISWAS FROZEN SNACKS,VSULLIVADA,VIS ONION VADA 350G X12,23.88,
VISWAS FROZEN SNACKS,VSUNN,VIS UNNIYAPPAM 350G X12,23.88,
VISWAS FROZEN SNACKS,VSUNNIY,VIS UNNIYAPPAM FAMILY 908G X12,53.88,
VISWAS FROZEN SNACKS,VSUZ,VIS UZHUNNUVADA 350G X12,24.99,
VISWAS FROZEN SNACKS,VSUZHUNNUVADARES,VIS RESTAURANT UZHUNNUVADA 908G X 10,44.99,
VISWAS FROZEN SNACKS,VSVATT,VS VATTAYAPPAM 350GM X 12,27.49,
VISWAS FROZEN BREADS & BREAKFA,VSCAT,VIS CATERING WHEAT POROTHA 908G X16,39.84,
VISWAS FROZEN BREADS & BREAKFA,VSIDI,VIS IDIYAPPAM WHITE 454G X12,23.88,
VISWAS FROZEN BREADS & BREAKFA,VSIDIB,VIS IDIAPPAM BROWN 454G X12,23.88,
VISWAS FROZEN BREADS & BREAKFA,VSIDIYAFAM,VIS IDIYAPPAM FAMILY 908G X12,41.88,
VISWAS FROZEN BREADS & BREAKFA,VSIDL908,VIS IDLI 908GM X 12 (BIG),44.29,
VISWAS FROZEN BREADS & BREAKFA,VSIDLY,VIS IDLY WITH CHUTNY 454G X12,24.96,
VISWAS FROZEN BREADS & BREAKFA,VSKOTHURES,VIS KOTHUPOROTTA RESTAURANT 2KG X 6,35.99,
VISWAS FROZEN BREADS & BREAKFA,VSMAFA16,VIS MALABAR POROTTA (FAMILY) 908X 16,43.99,
VISWAS FROZEN BREADS & BREAKFA,VSMAL-M,VIS MALABAR POROTTA 330G X36,34.99,
VISWAS FROZEN BREADS & BREAKFA,VSMASDOSA,VIS MASALA DOSA 400 X 12,23.88,
VISWAS FROZEN BREADS & BREAKFA,VSPATHI300,VIS PATHIRI 300G X 14,26.99,
VISWAS FROZEN BREADS & BREAKFA,VSPATHIRI,VIS PATHIRI 300G x 12,25.99,
VISWAS FROZEN BREADS & BREAKFA,VSRES-M,VIS CATERING POROTTA 908G X 16,43.99,
VISWAS FROZEN BREADS & BREAKFA,VSRES2KG,VIS RESTARANT.POROTTA 2KG X 8,44.8,
VISWAS FROZEN VEG & RAW ITEMS,VSARVI,VIS ARVI 400GM X 12,22.68,
VISWAS FROZEN VEG & RAW ITEMS,VSAVI-M,VIS AVIYAL MIX 400G X12,23.88,
VISWAS FROZEN VEG & RAW ITEMS,VSBITTE-M,VIS BITTER GOURD CUT 400G X12,22.68,
VISWAS FROZEN VEG & RAW ITEMS,VSCU-M,VIS CUT MANGO GREEN 400G X12,23.88,
VISWAS FROZEN VEG & RAW ITEMS,VSDRUM,VIS DRUMSTICK 400G X12,23.99,
VISWAS FROZEN VEG & RAW ITEMS,VSGR-M,VIS GRATED COCONUT 400G X32,76.49,
VISWAS FROZEN VEG & RAW ITEMS,VSJACF,VIS JACK FRUIT GREEN 400G X20,53.99,
VISWAS FROZEN VEG & RAW ITEMS,VSJACFR,VIS JACKFRUIT GREEN SLICED 400G X20,54.99,
VISWAS FROZEN VEG & RAW ITEMS,VSJACS,VIS JACKFRUIT SEED 400G X 12,26.28,
VISWAS FROZEN VEG & RAW ITEMS,VSLO,VIS LONG BEANS 400GRM X 12,22.99,
VISWAS FROZEN VEG & RAW ITEMS,VSLON16,VIS LONG CHILLI 200G X 12,11.99,
VISWAS FROZEN VEG & RAW ITEMS,VSOKR-M,VIS OKRA CUT 400G X12,17.99,
VISWAS FROZEN VEG & RAW ITEMS,VSRED-M,VIS RED ONION 400GM X 12,23.88,
VISWAS FROZEN VEG & RAW ITEMS,VSSA-M,VIS SAMBAR MIX 400G X12,23.88,
VISWAS FROZEN VEG & RAW ITEMS,VSSLI-M,VIS SLICED COCONUT 400G X 12,29.49,
VISWAS FROZEN VEG & RAW ITEMS,VSSNAKEGUA,VIS SNAKE GUARD 400GM X 10,22.68,
VISWAS FROZEN VEG & RAW ITEMS,VSTAP-M,VIS TAPIOCA SLICE 908G X16,34.99,
VISWAS FROZEN VEG & RAW ITEMS,VSTAPW-M,VIS TAPIOCA WHOLE 908X 16,33.99,
VISWAS FROZEN VEG & RAW ITEMS,VSTENJ,VIS TENDER JACKFRUIT 400GRM X 12,24.99,
VISWAS FROZEN VEG & RAW ITEMS,VSTINDORA,VIS TINDORA 400GM X 12,23.99,
VISWAS FROZEN VEG & RAW ITEMS,VSYAMR,VS YAM RATALU 400GM X 12,20.99,
VISWAS FROZEN VEG & RAW ITEMS,VSYAMSURAN,VIS YAM SURAN 400GM X 12,22.68,
VISWAS FROZEN CURRYS & THORAN,VSAVIY,VIS AVIAL CURRY 350G X12PKT,23.88,
VISWAS FROZEN CURRYS & THORAN,VSCHAMAN,VIS CHAKKAKURU MANGO CURRY 350G X 12,23.88,
VISWAS FROZEN CURRYS & THORAN,VSCHAMEZ,VIS CHAKKAKURU MEZHUKKUPURATTY 350G X 12,23.88,
VISWAS FROZEN CURRYS & THORAN,VSCHATHORA,VIS CHAKKAKURU THORAN 350G X 12,23.88,
VISWAS FROZEN CURRYS & THORAN,VSIDDLY,VIS IDICHAKKATHORAN 350 X12,22.69,
VISWAS FROZEN CURRYS & THORAN,VSKOR,VIS KOORKA MEZHUKUVARATTY350GX12,25.08,
VISWAS FROZEN CURRYS & THORAN,VSPAPFRO,VIS GURUVAYUR PAPPADAM (FROZEN) 200X30,44.99,
VISWAS FROZEN CURRYS & THORAN,VSPAPPAYA,VIS PAPPAYA THORAN 350G X 12,23.88,
VISWAS FROZEN CURRYS & THORAN,VSPAVAKTH,VIS PAVAKKA THORAN 350G X 12,23.88,
VISWAS FROZEN CURRYS & THORAN,VSPAVATH,VIS PAVAKKA THEEYAL 350G X 12,23.88,
VISWAS FROZEN CURRYS & THORAN,VSVAZH,VIS VAZHACHUNDU THORAN350G X 12,22.69,
,VSSADHYA2,VIS SADHYA 4.75 KG X 2,45.98,
VISWAS SNACKS,VSACHA-M,VS ACHAPPAM 170G X18,34.49,
VISWAS SNACKS,VSANDRA,VS ANDRA MURUKKU 150G X 25,22.25,
VISWAS SNACKS,VSANDRAS,VS ANDRA MURUKKU SPICY 150G X 25,22.25,
VISWAS SNACKS,VSBA-M,VS BANANA CHIPS RIPE LONG 150G X25,31.25,
VISWAS SNACKS,VSBAB,VS BANANA CHIPS BOTTLE 300X15,34.35,
VISWAS SNACKS,VSBANA-M,VS BANANA CHIPS (RIPE) 150G X 30,37.5,
VISWAS SNACKS,VSBANAC-M,VS BANANA CHIPS 400X20,65.8,
VISWAS SNACKS,VSBANAC150,VS BANANA CHIPS 150GM X 30,35.7,
VISWAS SNACKS,VSBANAS,VS BANANA CHIPS SPICY 150X30,37.5,
VISWAS SNACKS,VSBANSPIBTL,VS BANANA CHIPS SPICY BTL 300 X 15,34.35,
VISWAS SNACKS,VSDRYBAN,VS DRIED BANANA TOFFEE 100G X 20,30,
VISWAS SNACKS,VSGARM-M,VS GARLICK MURRUKU 150G X25,22.49,
VISWAS SNACKS,VSGARMURSPI,VS GARLIC MURUKKU SPICY 150G X 25,22.49,
VISWAS SNACKS,VSGIN-M,VS GINGELLY BALL 200G X 30,36.99,
VISWAS SNACKS,VSGINGI,VS GINGELLY BAR CANDY 200G X 30,36.99,
VISWAS SNACKS,VSJAC-M,VS JACK FRUIT CHIPS 150X30 BUY 1 GET 1 FREE,29.99,
VISWAS SNACKS,VSJACKB,VS JACKFRUITCHIPS BOTT 250X15,37.35,
VISWAS SNACKS,VSKE-M,VS KERALA MIXTURE 200G X25,24.99,
VISWAS SNACKS,VSMIXEXTR,VS EXTRA HOT MIXTURE 200 X 25,24.75,
VISWAS SNACKS,VSMIXSPIC,VS SPICY MIXTURE 200 X 25,24.75,
VISWAS SNACKS,VSMUR-SPICY,VS RICE MURUKKU SPICY 150 X 25,29.99,
VISWAS SNACKS,VSMURBABY,VS BABY RICE MURUKKU 150G X 25,22.25,
VISWAS SNACKS,VSMURBABYSP,VS BABY RICE MURUKKU SPICY 150G X 25,22.25,
VISWAS SNACKS,VSMURRICE,VS RICE MURUKKU 150G X 25,22.25,
VISWAS SNACKS,VSMURRISP,VS RICE MURUKKU SPICY 150G X 30,26.99,
VISWAS SNACKS,VSPAKK-M,VS PAKKAVADA 150GX25,19.99,
VISWAS SNACKS,VSPAPP,VS PAPPADA BOLI 160GM X 15,20.99,
VISWAS SNACKS,VSPIN-M,VS PINEAPPLE DROPS 180G X20,25.8,
VISWAS SNACKS,VSTAPCHISP,VS TAPIOCA CHIPS ROUND SPICY150G X25,27.99,
VISWAS SNACKS,VSTAPSTICKP,VS TAPIOCA CHIPS STICK PLAIN 150X25,37.5,
VISWAS POWDERS & FLAKES,VSAVALB,VS AVAL BROWN 400GM x 20,27.8,
VISWAS POWDERS & FLAKES,VSAVALW,VS AVAL WHITE 400GM x 20,27.8,
VISWAS POWDERS & FLAKES,VSDOS-M,VS DOSA PODI 1KG X12 *PRICE MARK*,23.88,
VISWAS POWDERS & FLAKES,VSIDIBR,VS IDIYAPPAM PODI BROWN 1KG X12 *PRICE MARK*,17.88,
VISWAS POWDERS & FLAKES,VSIDIYAP1KG,VS IDIYAPPAM PODI 1KG X 12 *PRICE MARK*,17.88,
VISWAS POWDERS & FLAKES,VSIDL-M,VS IDLY PODI 1KG X12 *PRICE MARK*,23.88,
VISWAS POWDERS & FLAKES,VSINTUP-M,VS INS UPPUMA MIX 1KG X12,28.68,
VISWAS POWDERS & FLAKES,VSMAI-M,VS MAIDA 1KG X12,23.99,
VISWAS POWDERS & FLAKES,VSPALA-M,VS INST PALAPPAM 1KG X12 *PRICE MARK*,17.88,
VISWAS POWDERS & FLAKES,VSPATHRI1KG,VS PATHIRI PODI 1KG X 12 *PRICE MARK*,17.88,
VISWAS POWDERS & FLAKES,VSPUTT-M,VS STEAMED PUTTU PODI WHITE 1KG X12 PM,17.88,
VISWAS POWDERS & FLAKES,VSPUTTC-M,VS PUTTU PODI CHEMBA 1KG X12 *PRICE MARK*,17.88,
VISWAS POWDERS & FLAKES,VSRICEF,VS RICE FLOUR UNROASTED 1KGX12 *PRICE MARK*,17.88,
VISWAS POWDERS & FLAKES,VSRICPO-M,VS RICE FLOUR FRIED 1KG X12 *PRICE MARK*,17.88,
VISWAS POWDERS & FLAKES,VSROS-M,VS ROSTED RAVA 1KG X12,26.28,
VISWAS POWDERS & FLAKES,VSWHEPUT1KG,VS WHEAT PUTTU PODI 1KG X 12 *PRICE MARK*,17.88,
VISWAS MASALAS & SPICES,VSCINNAM,VS CINNAMON STICK 100GM X 24,38.16,
VISWAS MASALAS & SPICES,VSCOR-M,VS CORINDER POWDER 250X24,32.99,
VISWAS MASALAS & SPICES,VSCORI-M,VS CORINDER POWDER 400GM X 24,47.99,
VISWAS MASALAS & SPICES,VSEGG-M,VS EGG MASALA 160G X12,16.99,
VISWAS MASALAS & SPICES,VSFIS-M,VS FISH MASALA 160G X12,16.68,
VISWAS MASALAS & SPICES,VSMEA-M,VS MEAT MASALA 160G X12,16.68,
VISWAS MASALAS & SPICES,VSMUS24,VS MUSTARD WHOLE 200G X24,23.99,
VISWAS MASALAS & SPICES,VSPIC-M,VS PICKLE POWDER 160G X12,16.68,
VISWAS MASALAS & SPICES,VSRAS-M,VS RASAM POWDER 160G X12,16.68,
VISWAS MASALAS & SPICES,VSSM-M,VS SAMBAR POWDER 160G X12,16.68,
VISWAS MASALAS & SPICES,VSVEGMAS,VS VEGETABLE MASALA 160G X12,15.48,
VISWAS PICKLES,VSDATESP,VS DATES PICKLE 400GM X 12,25.68,
VISWAS PICKLES,VSGOOS-M,VS GOOSERRY PICKLE 400G X12,22.49,
VISWAS PICKLES,VSHOT-M,VS HOT & SWEET LIME PICKLE 400G X12,25.68,
VISWAS PICKLES,VSLIM-M,VS LIME RED PICKLE 400G X12,22.49,
VISWAS PICKLES,VSLIME-M,VS LIME WHITE PICKLE 400G X12,22.08,
VISWAS PICKLES,VSMIXVP,VS MIX VEG PICKLE 400G X12,22.08,
VISWAS PICKLES,VSPULIINCHI,VS PULIINCHI PICKLE 400GM X 12,25.68,
VISWAS PICKLES,VSTEN-M,VS TENDER MANGO PICKLE 400G X12,29.88,
VISWAS CAKES,VSDATESC,VIS DATES N' CASHEW CAKE 700GM X 10,49.99,
VISWAS CAKES,VSPLUMCAKE,VIS PLUM CAKE 700GM X10 BOX,44.9,
VISWAS CAKES,VSPLUMCAKE350,VIS PLUM CAKE 350GM X12 BOX NO RETURN,34.68,
ASWAS,ASBANRO454,ASWAS BANANA ROAST 454G X12,33.79,
ASWAS,ASBONDA350,ASWAS BONDA 350G X 12,22.79,
ASWAS,ASCHEERATHO,ASWAS CHEERATHORAN 350 X 12,21.49,
ASWAS,ASCUTLET350,ASWAS CUTLET VEG 350GX 12,25.29,
ASWAS,ASHALWABL,ASWAS HALWA BLACK 400G X 12,27.48,
ASWAS,ASHALWARED,ASWAS HALWA RED 400G X 12,27.48,
ASWAS,ASJILEBI,ASWAS JILEBI 227G X12,22.68,
ASWAS,ASNEYYA350,ASWAS NEYYAPPAM 350G X12,22.68,
ASWAS,ASPAPPAYA,ASWAS PAPPAYA THORAN 350G X 12,22.68,
ASWAS,ASUZHU350,ASWAS UZHUNNUVADA 350G X12,23.79,
ASWAS,ASVAZHACHU,ASWAS VAZHACHUNDU THORAN 350G X 12,21.49,
ASWAS,ANDRM-M,ANDRA MURUKKU 180G X25,17.5,
ASWAS,ASCATPAR,ASWAS CATERING POROTTA 908G X 16,36.64,
ASWAS,ASCHINPO,ASWAS CHINEESE POTATO 400G X12,23.79,
ASWAS,ASIDLICHUSA,ASWAS IDLY WITH CHUTNY & SAMBAR 454G X12,22.68,
ASWAS,ASLONGBE,ASWAS LONG BEANS 400G X 12,21.79,
ASWAS,ASMALFA,ASWAS MALABAR POROTTA FAMILY 908X 16,42.39,
ASWAS,ASRESPAR2,ASWAS RESTARANT POROTTA 2KG X 8 (OFFER @4.99),39.99,
ASWAS,ASSLICOC,ASWAS SLICED COCONUT 400G X 12,28.29,
VISWAS OTHER,PAKKA-M,DD PAKKAVADA 175G X12( BTL),20.28,
VISWAS OTHER,VSCOC,VS COCONUT OIL 500MLX 24,69.49,
VISWAS OTHER,VSJAGG,VS JAGGERY CUBE454G X20,23.99,
VISWAS OTHER,VSJAGPOW,VS JAGGERY POWDER 600G X 20,39.99,
VISWAS OTHER,VSMARAJAG,VS MARAYOOR JAGGERY 908GX10,24.99,
VISWAS OTHER,VSPAPPAD60,VS PAPPADAM 150X60,65.4,
VISWAS OTHER,VSSEM,VS SEMIYA PAYASA MIX 250G X24,35.76,
VISWAS OTHER,VSSOYABIG,VS SOYA CHUNKS BIG 200G X 30,17.99,
VISWAS OTHER,VSSOYANANO,VS SOYA CHUNK NANO 100G X 30,14.99,
VISWAS OTHER,VSVARUCOC,VS COCONUT VARUTHARA PASTE 200 X 14,27.99,
DAILY DELIGHT FROZEN SNACKS,BANR-M,DD BANANA ROAST 454GX12,34.99,
DAILY DELIGHT FROZEN SNACKS,BOND-M,DD BONDA 350G X12,24.99,
DAILY DELIGHT FROZEN SNACKS,CABB,DD CABBAGE VADA 300G X12,23.88,
DAILY DELIGHT FROZEN SNACKS,CUT-M,DD CUTLET VEG 350G X12,23.88,
DAILY DELIGHT FROZEN SNACKS,ELAJA-M,DD ELAYADA JAGGERY 454G X12,23.88,
DAILY DELIGHT FROZEN SNACKS,HAL-M,DD HALVA BLACK 400G X12,29.88,
DAILY DELIGHT FROZEN SNACKS,JAL-M,DD JILEBI RED 227G X12,23.88,
DAILY DELIGHT FROZEN SNACKS,KOZHI-M,DD KOZHIKODAN HALWA 454G X12,35.88,
DAILY DELIGHT FROZEN SNACKS,LADD-M,DD LADDU 350G X12,24.99,
DAILY DELIGHT FROZEN SNACKS,NEYY-M,DD NEYYAPPAM 350G X12,23.88,
DAILY DELIGHT FROZEN SNACKS,PAR-M,DD PARIPPPUVADA 300G X12,23.88,
DAILY DELIGHT FROZEN SNACKS,PUFF-M,DD PUFF VEG 227GM X12,24.99,
DAILY DELIGHT FROZEN SNACKS,SPIN,DD SPINACH VADA 300G X12,23.88,
DAILY DELIGHT FROZEN SNACKS,SUK-M,DD SUKHIYAN 350G X12,23.88,
DAILY DELIGHT FROZEN SNACKS,UNNI-M,DD UNNIYAPPAM 350 G X12,23.88,
DAILY DELIGHT FROZEN SNACKS,UZH-M,DD UZHUNNUVADA 300G X9,17.91,
DAILY DELIGHT FROZEN SNACKS,VATT-M,DD VATTAYAPPAM 300G X12,23.88,
DAILY DELIGHT VEG & RAW FOODS,AVILM-M,DD AVIAL MIX 400G X12,23.88,
DAILY DELIGHT VEG & RAW FOODS,BITTE-M,DD BITTER GOURD CUT 400G X9,20.99,
DAILY DELIGHT VEG & RAW FOODS,CHI-M,DD CHINES POTATO(KOORKA) 400G X12,23.88,
DAILY DELIGHT VEG & RAW FOODS,CUTMA-M,DD CUT MANGO GREEN 400G X12,22.68,
DAILY DELIGHT VEG & RAW FOODS,GRAC-M,DD GRATED COCONUT 400G X32,79.68,
DAILY DELIGHT VEG & RAW FOODS,IDLIDOSABATTER,DD IDLI & DOSA BATTER (FROZEN) 908G x 6,17.99,
DAILY DELIGHT VEG & RAW FOODS,JACKT-M,DD JACKFRUIT TENDER 400G X12,27.48,
DAILY DELIGHT VEG & RAW FOODS,RED-M,DD RED ONION 400GM X12,23.88,
DAILY DELIGHT VEG & RAW FOODS,SAMB-M,DD SAMBAR MIX 400G X12,22.68,
DAILY DELIGHT VEG & RAW FOODS,SLI-M,DD SLICE COCONUT 400G X12,27.99,
DAILY DELIGHT VEG & RAW FOODS,SNAK-M,DD SNAKE GOURD 400G X12,22.68,
DAILY DELIGHT VEG & RAW FOODS,TAPS-M,DD TAPIOCA SLICE 908G X18,40.99,
DAILY DELIGHT VEG & RAW FOODS,TAPW-M,DD TAPIOCA WHOLE 908G X18,39.99,
DAILY DELIGHT VEG & RAW FOODS,YAM-M,DD YAMSURAN 400G X12,22.68,
DAILY DELIGHT VEG & RAW FOODS,YAMRATALU,DD YAM RATALU 400G X12,20.28,
DAILY DELIGHT BREADS & BREAKFA,HOM,DD HOME MADE CHAPPATHI 330G X36,42.99,
DAILY DELIGHT BREADS & BREAKFA,IDIW-M,DD IDIAPPAM WHITE 454GX 12,23.88,
DAILY DELIGHT BREADS & BREAKFA,IDL-M,DD IDLI WITH SAMBAR454G X12,23.88,
DAILY DELIGHT BREADS & BREAKFA,KOTHUP-CH,DD KOTHUPOROTTA CHILLI 400GM X 12,23.88,
DAILY DELIGHT BREADS & BREAKFA,MAL-M,DD MALABAR POROTHA 330G X36,39.6,
DAILY DELIGHT BREADS & BREAKFA,MALF,DD MALABARPOROTTA FAMILY PACK 908GX16 PKT,42.99,
DAILY DELIGHT BREADS & BREAKFA,MAS-M,DD MASALA DOSA 454G X12,24.99,
DAILY DELIGHT BREADS & BREAKFA,PALL-M,DD PALLAPPAM 227GX12,23.88,
DAILY DELIGHT BREADS & BREAKFA,PUTTB-M,DD PUTTU BROWN 350G X12,23.88,
DAILY DELIGHT BREADS & BREAKFA,REST-M,DD REST.POROTTA 454G X36,46.99,
DAILY DELIGHT BREADS & BREAKFA,RESTFAM,DD FAMILY REST. POROTTA (10PS)908GM X 16,43.99,
DAILY DELIGHT BREADS & BREAKFA,RESTI,DD RESTARANT IDIAPPAM 908 X 15,52.35,
DAILY DELIGHT BREADS & BREAKFA,WHE-M,DD WHEAT POROTHA 454G X12,21.48,
DAILY DELIGHT SNACKS,CHILLKARAS,DD CHILLI KARASEVA 250GM X 12,21.48,
DAILY DELIGHT SNACKS,ELLUMURUKKU,DD ELLU MURUKKU 250G x 12,21.48,
DAILY DELIGHT SNACKS,GARLICMURUKKU,DD GARLIC MURUKKU 175G x 12,23.88,
DAILY DELIGHT SNACKS,KERAL-M,DD KERALA MIXTURE 400G X12 BTL,28.68,
DAILY DELIGHT SNACKS,KERALAMI-M,DD KERALA MIXTURE HOT 400G X12 (BTL),28.68,
DAILY DELIGHT SNACKS,KERALAMURUKKU,DD KERALA MURUKKU 250G x 12,23.88,
DAILY DELIGHT CURRYS & THOORAN,CHEE-M,DD CHEERA THORAN 454G X12,23.88,
DAILY DELIGHT CURRYS & THOORAN,FISHC-M,DD FISH CURRY GRAVY MIX 454G X12,23.88,
DAILY DELIGHT CURRYS & THOORAN,ONIT-M,DD ONION THEYAL 350G X12,21.48,
DAILY DELIGHT CURRYS & THOORAN,PACHA-M,DD PACHADI 350G X12,23.88,
DAILY DELIGHT CURRYS & THOORAN,SAM-M,DD SAMBAR CURRY 454GM X12,23.88,
DAILY DELIGHT CURRYS & THOORAN,VART-M,DD VAZACHUNDU THORAN 350G X12,23.88,
DAILY DELIGHT FISH,DRYS-M,PR DRY SHRIMP CLEAN H/L 100G X25,62.25,
DAILY DELIGHT FISH,MAHICURRYCUT,DD MAHI MAHI (PULLI MOTHA) CURRY CUT 700G X 20,85,
DAILY DELIGHT FISH,MARLINCURRYCUT,DAILY DELIGHT MARLIN FISH CURRY CUT 700G x 20,80,
DAILY DELIGHT FISH,TUNACURRYCUT700,DAILY DELIGHT TUNA CURRY CUT 700G x 20,90,
DAILY DELIGHT OTHER,DAI,DAILY DELIGHT DATES AND CASHEW 700G X 12 (CHILLER),59.88,
DAILY DELIGHT OTHER,DAIL,DAILY DELIGHT DATES N CASHEW 300GX24,71.76,
PERIYAR POWDERS & RICE,BANACB,DD BANANA CHIPS BOTTLE 250GM X12,35.88,
PERIYAR POWDERS & RICE,DESICM1K,PR DESICATED COCONUT MEDIUM 500G X12,29.88,
PERIYAR POWDERS & RICE,GREENGRAMPR,PR GREEN GRAM 1KG X 12PKTS,33.48,
PERIYAR POWDERS & RICE,IDIAPB-M,PR IDIAPPAM PODI BROWN 1KG X12,23.88,
PERIYAR POWDERS & RICE,IDIAPW-M,PR IDIAPPAM PODI WHITE 1KGX12,23.88,
PERIYAR POWDERS & RICE,INSDOS-M,PR INS DOSA PODI 1KG X 12,31.08,
PERIYAR POWDERS & RICE,INSIDL-M,PR INS IDLI PODI 1KG X 12,26.28,
PERIYAR POWDERS & RICE,INSSEM-M,PR INS SEMIYA MIX 200G X30,34.49,
PERIYAR POWDERS & RICE,INSUPPU-M,PR INS UPPUMA MIX 1KG X 12,31.08,
PERIYAR POWDERS & RICE,PUTPW-M,PR PUTTU PODI WHITE 1KG X 12,23.88,
PERIYAR POWDERS & RICE,SARKA-M,PR SARKARPURATTI 400GR X12 (BTL),28.68,
PERIYAR POWDERS & RICE,VAL-M,PR VALANPULI 200G X30,21.99,
,DRYSW-M,PR DRY SHRIMP WHOLE 100G X25,37.25,
CRISPY,CRIBIALMO,CRISPY BISCUITS ALMOND 225GM X 12,13.2,
CRISPY,CRIBICOC,CRISPY BISCUITS COCONUT 225GM X 12,13.2,
CRISPY,CRIBIPIS,CRISPY BISCUITS PISTA&ALMOND 225GM X 12,13.2,
CRISPY,CRICAKERU,CRISPY CAKE RUSK 550GM X14 £3.99,42,
CRISPY,CRIGUJRAROT,CRISPY GUJRATI ROTI 500GM X 10,25,
CRISPY,CRIMETHIRO,CRISPY METHI ROTI 500GM X 10,32,
CRISPY,CRIRUMAWEAT,CRISPY RUMALI WHOLE WHEAT ROTI 600GMX10,25,
CRISPY,CRIRUMAWHI,CRISPY RUMALI WHITE ROTI(Plain) 600GM X 10,25,
CRISPY,CRITEARU,CRISPY TOST RUSK REG 200GM(Red) X 18 £1.79,27.3,
CRISPY,CRIWHEATR,CRISPY WHOLE WHEAT ROTIS 500GM X 10 £2.49,19.9,
CRISPY,CRIWHITERO,CRISPY WHITE ROTIS (Original) 500GM X10 £2.49,19.9,
MALABAR CHOICE,MCAC,MC ACHAPPAM 170G X18,33.49,
MALABAR CHOICE,MCACRAGI,MC RAGI ACHAPPAM 170G x 18,39.99,
MALABAR CHOICE,MCAN,MC ANDRA MURUKKU 135GM X25,22.99,
MALABAR CHOICE,MCANDR,MC ANDRA MURUKKU SPICY 135 X25,22.99,
MALABAR CHOICE,MCAVAL,MC AVALOSUNDA 200GX30,36.99,
MALABAR CHOICE,MCBAN-M,MC BANANA CHIPS 150G X30,38.7,
MALABAR CHOICE,MCBANAS-M,MC BANANA CHIPS RIPE150G X30,40.5,
MALABAR CHOICE,MCBANC-M,MC BANANA CHIP SPICED 150G X30,40.5,
MALABAR CHOICE,MCBANPERI150,MC BANANA CHIPS PERI PERI 150 X 30,30.99,
MALABAR CHOICE,MCBANRIPLON20,MC SWEET(RIPE)BANANA CHIPS LG CUT 150 X 20,25.99,
MALABAR CHOICE,MCBANS,MC BANANA CHIPS 375GM X 17,45.99,
MALABAR CHOICE,MCBOMB-M,MC BOMBAY MIXTURE 275G X30,42.99,
MALABAR CHOICE,MCBUTTERMUR,MC BUTTER MURUKKU 150GX25,22.99,
MALABAR CHOICE,MCCHILLIGAR,MC CHILLI GARLIC MURUKKU 150GX22,20.99,
MALABAR CHOICE,MCCHU,MC CHUKKU KAPI (GINGER COFFE) 150G X48,71.52,
MALABAR CHOICE,MCCOCON,MC COCONUT CHUTNEY POWDER 200G X12,22.68,
MALABAR CHOICE,MCCOR,MC CORRIANDER WHOLE 200G X 20,19.75,
MALABAR CHOICE,MCGARMUR,MC GARLIC MURUKKU 150GX22,20.99,
MALABAR CHOICE,MCJACK,MC JACKFRUIT CHIPS PCKT 135G X25,34.75,
MALABAR CHOICE,MCJAGC,MC JAGGERY CUBE WHITE 1KG X12,29.88,
MALABAR CHOICE,MCJAGG-M,MC JAGGERY BALL (BROWN) 1KG X12,29.88,
MALABAR CHOICE,MCJAGGE,MC JAGGERY CUBE (BROWN) 1 KGX12,29.88,
MALABAR CHOICE,MCKUZ,MC KUZHALAPPAM 135GRM X 25,27.99,
MALABAR CHOICE,MCMIXB,MC MIXTURE BALL 135GM X25,22.99,
MALABAR CHOICE,MCMIXRAGI,MC RAGI MIXTURE 275G X30,41.99,
MALABAR CHOICE,MCMIXSP-M,MC MIXTURE EXTRA SPICY 275G X30,41.99,
MALABAR CHOICE,MCMIXT-M,MC MIXTURE SPICY 275G X30,41.99,
MALABAR CHOICE,MCMIXT2,MC SALTED MIXTURE 150G X 25,19.75,
MALABAR CHOICE,MCMURR-M,MC RICE MURUKKU SPICY 150GX25,22.99,
MALABAR CHOICE,MCMURR-MBOTT,MC SPICY RICE MURUKKU BOTTLE 250G X15,22.99,
MALABAR CHOICE,MCMURRAG,MC RAGI MURUKKU 150G X25 OFFER@0.69,17.25,
MALABAR CHOICE,MCMURU-M,MC RICE MURUKKU 150G X25,22.99,
MALABAR CHOICE,MCMURUK,MC SPICY BABY MURUKKU 135X25,22.99,
MALABAR CHOICE,MCPAK,MC PAKKAVADA 150GM X 25,22.99,
MALABAR CHOICE,MCPAPD,MC PAPADAVADA 120GM X 20,19.8,
MALABAR CHOICE,MCPEACANBAR,MC PEANUT CANDY BAR 150G X30,38.7,
MALABAR CHOICE,MCPEANUTBALL,MC PEANUT BALL 150X25,30.99,
MALABAR CHOICE,MCPINEAPD,MC PINEAPPALE DROPS 150G X 25,22.99,
MALABAR CHOICE,MCPIRI,MC MASALA PIRI MURUKKU 135GM X 25,24.99,
MALABAR CHOICE,MCRICEA,MC RICE ADA 200G X25,24.99,
MALABAR CHOICE,MCTAPC,MC TAPIOCA CHIPS SPICY 135G X25,22.99,
MALABAR CHOICE,MCTAPCN,MC TAPIOCA CHIPS PLAIN 135G X25,22.99,
MALABAR CHOICE,MCTAPI,MC THATTA MURUKKU 150 X 25,22.99,
MALABAR CHOICE,MCTAPIC,MC TAPIOCA STICK 150G X25,22.99,
MALABAR CHOICE,MCTAPPERI,MC TAPIOCA PERIPERI CHIPS 135G X 25,25.99,
MALABAR CHOICE,MCTENDERMANGO,MC TENDER MANGO PICKLE 400G X 12,27.48,
MALABAR CHOICE,MCTOM,MC TOMOTTO MURUKKU 150G X 25,25,
MC PULSES & SPICES,MCCAM,MC CAMBODGE (KUDAMPULI) 200G X25,41.99,
MC PULSES & SPICES,MCCARDOM,MC CARDOMOM WHOLE 80GM X25,94.75,
MC PULSES & SPICES,MCCIN,MC CINNAMON STICK 80GX25,39.75,
MC PULSES & SPICES,MCKON,MC CURD CHILLY 100G X25,32.25,
MC PULSES & SPICES,MCMASA,MC MASALA MIX 80G X25,44.75,
MC PULSES & SPICES,MCMET,MC METHI SEEDS (FENUGREEK) 200GX25,21.29,
MC PULSES & SPICES,MCMUS,MC MUSTED WHOLE 200GM X25,26.25,
MC PULSES & SPICES,MCTAM,MC TAMARIND 200G X 50,44.99,
MC PULSES & SPICES,MCTAMA,MC TAMARIND 500G X 20,39.99,
MC RICES,MCBASMAT,MC SELLA BASMATI 5KG X 4,45.96,
MC RICES,MCJAGCB,MC JAGGERY BALL WHITE 1KG X 12,29.88,
MC OILS,MCCOC,MC COCONUT OIL 5OOML X24,71.76,
MC OILS,MCCOCO,MC COCONUT OIL 1LTR X 12,71.88,
MC OILS,MCCUT,MC CUT MANGO PICKLE 400G X12,22.49,
MC OILS,MCDATLIM,MC HOT & SWEET LIME DATES 400 X 12,25.68,
MC OILS,MCDCHICHU,MC DRY CHILLY CHUTNEY 400 X 12,26.28,
MC OILS,MCGAR,MC GARLIC PICKLE 400G X12,25.68,
MC OILS,MCKAD,MC KADUMANGO PICKLE 400G X12,22.68,
MC OILS,MCKANBRI,MC KANDARI IN BRINE 300 X 12,59.88,
MC OILS,MCKANCHICHU,MC KANDARI MANGO CHUTNEY 400 X 12,22.68,
MC OILS,MCKANULCHA,MC KANDARI ULLI CHAMANDI 400 X 12,22.68,
MC OILS,MCLIM,MC LIME HOT PICKLE 400G X12,22.49,
MC OILS,MCLIME,MC LIME WHITE PICKLE 400G X12,21.49,
MC OILS,MCLIME1000,MC LIME PICKLE 1KG X 12 (BIG) BTL,35.88,
MC OILS,MCNELKANMAN,MC NELLIKKA KANDARI 400 X 12,22.68,
MC OILS,MCPAP-M,MC PAPPADAM 150G X50,49.99,
MC OILS,MCVAD,MC VADUKUPULI LIME PICKLE 400 X 12,20.28,
"MC POWDERS, FLAKES & OTHER",MCDESIC,MC DESICATED COCONUT MEDIUM 700G X12,44.28,
"MC POWDERS, FLAKES & OTHER",MCDRYTAP,MC DRY TAPIOCA 908 X 12,35,
"MC POWDERS, FLAKES & OTHER",MCGINGB,MC GINGELLY BALL (BLACK) PKT 150G X 25,24.99,
"MC POWDERS, FLAKES & OTHER",MCGINGC,MC GINGELLY BALL W PKT 150G X 25,26.25,
"MC POWDERS, FLAKES & OTHER",MCIDL,MC IDLI RICE 5KG X 4,27.96,
"MC POWDERS, FLAKES & OTHER",MCIDLI,MC IDLY RAVA 1KG X12,24.6,
"MC POWDERS, FLAKES & OTHER",MCIDLIRI,MC IDLI RICE 2KG X9,27.99,
"MC POWDERS, FLAKES & OTHER",MCINSU,MC INS UPUMA MIX 908GX12,28.68,
"MC POWDERS, FLAKES & OTHER",MCJAGCU,MC JAGGERY CUBE (BROWN) 500G X20,23.8,
"MC POWDERS, FLAKES & OTHER",MCJAGGER,MC JAGGERY CUBE WHITE 500G X20,21.99,
"MC POWDERS, FLAKES & OTHER",MCJAGKI,MC KITUL JAGGERY 400GM X20,42.25,
"MC POWDERS, FLAKES & OTHER",MCKAL,MC KALKKANDAM (SUGAR CANDY) 200G X25,19.99,
"MC POWDERS, FLAKES & OTHER",MCMAI-M,MC MAIDA 1KG X12,23.99,
"MC POWDERS, FLAKES & OTHER",MCMAID,MC MAIDA 4KG X4 ****SPECIAL OFFER******,19.99,
"MC POWDERS, FLAKES & OTHER",MCPAJAG,MC PALM JAGGERY POWDER 300 X 15,39.99,
"MC POWDERS, FLAKES & OTHER",MCPAJC,MC PALM JAGGERY CRYSTAL 200 X 25,49.99,
"MC POWDERS, FLAKES & OTHER",MCPAYASAMADA,MC PALADA 400G x 25,47.25,
"MC POWDERS, FLAKES & OTHER",MCRICE,MC RICE FLAKES (BROWN) 500G X15,20.99,
"MC POWDERS, FLAKES & OTHER",MCRICEFL,MC RICE FLAKE WHITE 400GRMX15,17.99,
"MC POWDERS, FLAKES & OTHER",MCROS-M,MC ROSTED RAVA 1KG X 12,26.28,
"MC POWDERS, FLAKES & OTHER",MCSA,MC SAMBA WHEAT RAVA 1KG X 12,28.99,
"MC POWDERS, FLAKES & OTHER",MCSAWBRO,MC SAMBA WHEAT BROKEN 1KG X 12,28.99,
"MC POWDERS, FLAKES & OTHER",MCVERMIC,MC VERMICELLI ROASTED 850 X 10,29.99,
"MC POWDERS, FLAKES & OTHER",MCVERMUN1,MC VERMICELLI UNROASTED 850 X 10,28.99,
,MCIDCHUPO,MC IDLI CHUTNEY POWDER 300 X 12 BTL,27.48,
,MCPRACHI,***COMING SOON*** MC PRAWNS CHILLI CHUTNEY 200 X 12,49,
,MCPRACHU,MC PRAWNS CHUTNEY POWDER 200 X 12,35.88,
,MCROSGRAM,MC ROSTED GRAM(POTTUKADALA) 400GM X 20,28.99,
,SNCHANAD,MC (SOUTHERN) CHANA DAL 908G X 12,23.88,
,SNCHIPB,MC BLACK GRAM (KALA CHANA )908GX12,27.48,
,SNCHIPW,MC (S TN) CHICKPEAS WHITE(KABULI CHANA) 908G X 12,29.99,
,SNGREENPEA,MC (SOUTHERN) GREEN PEAS 908GM X12,35.99,
,SNHOSEG,MC (SOUTHERN) HORSE GRAM 908G X 12,23.99,
,SNMASOOR,MC (SOUTHERN) MASOOR DAL 908G X 12,23.99,
,SNMOONGD,MC (SOUTHERN) MOONG DAL SPLIT 908G X 12,29.88,
,SNMUNGWHOLE,MC (SOUTHERN) GREEN GRAM 908GX12,27.48,
,SNTOORD,MC (SOUTHERN) TOOR DAL 908G X 12,29.99,
,SNURDSP,MC (SOUTHERN) URAD DAL SPLIT 908G X 12,29.88,
,SNURDW,MC (SOUTHERN) URAD WHOLE 908G X 12,29.88,
,SNVANP,MC (SOUTHERN)RED COWPEAS(V.PYR) 908GX 12,26.28,
EASTERN MASALA & OTHERS,ESTBE,EST BEEF ULARTHU MASALA 100G X12,16.68,
EASTERN MASALA & OTHERS,ESTBIR,EST BIRIYANI MASALA 100G X12,16.68,
EASTERN MASALA & OTHERS,ESTBOM60G,EST BOMBAY BIRIYANI MIX 60GM X12,11.99,
EASTERN MASALA & OTHERS,ESTBRPUTC,EST 5 MINS BFAST CHEMBA PUTTU MIX 200Gx30,13.2,
EASTERN MASALA & OTHERS,ESTBRPUTW,EST 5 MINS BREAKFAST PUTTU MIX 200G X 30,13.2,
EASTERN MASALA & OTHERS,ESTCH,EST CHANA MASALA 100G X12,14.28,
EASTERN MASALA & OTHERS,ESTCHATM50,EST CHAT MASALA POWDER 100GM X 12,14.28,
EASTERN MASALA & OTHERS,ESTCHI,EST CHICKEN FRY MASALA 100G X 12,16.68,
EASTERN MASALA & OTHERS,ESTCHIC,EST CHICKEN BIRIYANI MASALA 100G X12,16.68,
EASTERN MASALA & OTHERS,ESTCHICK,EST CHICKEN MASALA 160G X12,21.48,
EASTERN MASALA & OTHERS,ESTCHIL,EST CHILLY CHICKEN MASALA 100G X12,14.28,
EASTERN MASALA & OTHERS,ESTCHILL,EST CHILLI WHOLE 100G X35,59.99,
EASTERN MASALA & OTHERS,ESTCHILLP,EST CHILLI POWDER 250G X 12,34.68,
EASTERN MASALA & OTHERS,ESTCHUKKU,EST CHUKKU MIX 150G X12,23,
EASTERN MASALA & OTHERS,ESTCOR,EST CORIANDER POWDER 500G X24,76.56,
EASTERN MASALA & OTHERS,ESTCOR250G,EST CORIANDER POWDER 250GM X 24,40.56,
EASTERN MASALA & OTHERS,ESTCORI,EST CORIANDER POWDER 1KG X12,71.88,
EASTERN MASALA & OTHERS,ESTCU,EST CURRY POWDER 165 X12,19.08,
EASTERN MASALA & OTHERS,ESTEG,EST EGG MASALA 165G X12,19.08,
EASTERN MASALA & OTHERS,ESTGARM,EST GARAM MASALA 100G X12,22.68,
EASTERN MASALA & OTHERS,ESTGIG,EST GINGER GARLIC PASTE 400 X 12,29.88,
EASTERN MASALA & OTHERS,ESTH,EST HYDERABADI BIRIYANI MIX 60G X 12,11.99,
EASTERN MASALA & OTHERS,ESTKAS,EST KASHMIRI CHILLI POWDER (PKT) 400G X30 *SPECIAL OFFER*,119.99,
EASTERN MASALA & OTHERS,ESTMAD,EST MADRAS SAMBAR POWDER 50G X 12,7.08,
EASTERN MASALA & OTHERS,ESTMALABC50,EST MALABAR KOZHI CURRY MASALA 50G X12,7.8,
EASTERN MASALA & OTHERS,ESTME,EST MEEN MULAKU MASALA 100G X12,14.49,
EASTERN MASALA & OTHERS,ESTMEA,EST MEAT MASALA 160G X12,21.48,
EASTERN MASALA & OTHERS,ESTMUT,EST MUTTON MASALA 100G X12,16.68,
EASTERN MASALA & OTHERS,ESTMUTT,EST MUTTON BIRIYANI 100G X12,16.68,
EASTERN MASALA & OTHERS,ESTPAV,EST PAV BHAJI MASALA100GM X12,16.69,
EASTERN MASALA & OTHERS,ESTPE,EST PEPPER CHICKEN MASALA 100G X12,14.99,
EASTERN MASALA & OTHERS,ESTRAS,EST RASAM POWDER165G X12,21.48,
EASTERN MASALA & OTHERS,ESTTA,EST TANDOORI MASALA 100G X12,14.99,
EASTERN MASALA & OTHERS,ESTTAN50,EST TANDOORI MASALA 50GM X12,7.8,
EASTERN MASALA & OTHERS,ESTTU,EST TURMERIC POWDER 250GX12,23.88,
EASTERN MASALA & OTHERS,ESTVEGI100,EST VEGETABLE MASALA 100GM X12,13.08,
EASTERN POWDERS,ESTAPP,EST APPAM POWDER 1KG X12,22.68,
EASTERN POWDERS,ESTBRDOSA,EST 5 MINS BREAKFAST DOSA MIX 200G X 30,13.2,
EASTERN POWDERS,ESTBRIDID,EST 5 MINS BFAST IDIYAPPAM MIX 200G X 24,13.2,
EASTERN POWDERS,ESTBRIDLI,EST 5 MINS BREAKFAST IDLI MIX 200G X 30,13.2,
EASTERN POWDERS,ESTBRPAL,EST 5 MINS BREAKFAST PALAPPAM MIX 200G X 30,13.2,
EASTERN POWDERS,ESTDO,EST DOSA POWDER 1KG X12,27.48,
EASTERN POWDERS,ESTFISHM,EST FISH MASALA 165G X12,21.48,
EASTERN POWDERS,ESTID,EST IDIYAPPAM POWDER 1KG X12,22.68,
EASTERN POWDERS,ESTIDL,EST IDLY POWDER 1KG X12,27.48,
EASTERN POWDERS,ESTPA,EST PATHIRI POWDER 1KG X12,22.68,
EASTERN POWDERS,ESTPAL,EST EASY PALAPPAM MIX 1KG X12,27.48,
EASTERN POWDERS,ESTPALA,EST PALADA 200X15,18.75,
EASTERN POWDERS,ESTPUT,EST PUTT POWDER WHITE 1KG X12,22.68,
EASTERN POWDERS,ESTPUTT,EST PUTTU POWDER CHEMBA 1KG X12,27.48,
EASTERN POWDERS,ESTRAG,EST RAGI PUTTU POWDER 1KG X12,23.88,
EASTERN POWDERS,ESTRI,EST RICE POWDER 1KG X12,23.88,
EASTERN POWDERS,ESTSA,EST SAMBAR POWDER 165G X12,21.48,
EASTERN PICKLES,ESTBIL,EST BILIMBI PICKLE 400G X12,23.88,
EASTERN PICKLES,ESTDA,EST DATES PICKLE 400G X12 NEW PRICE,25.68,
EASTERN PICKLES,ESTGAR,EST GARLIC PICKLE 400G X12 NEW PRICE,27.48,
EASTERN PICKLES,ESTGO,EST GOOSEBERRY PICKLE 400G X12 NEW PRICE,22.68,
EASTERN PICKLES,ESTKAD,EST KADUMANGO PICKLE 400G X12 NEW PRICE,23.88,
EASTERN PICKLES,ESTLE,EST LEMON PICKLE 400G X12 NEW PRICE,23.88,
EASTERN PICKLES,ESTLEMH,EST LEMON HOT&SWEET PKL 400G X12 NEW PRICE,25.68,
EASTERN PICKLES,ESTMA,EST MANGO PICKLE 400G X12 NEW PRICE,23.88,
EASTERN PICKLES,ESTMIX,EST MIX VEG PICKLE 400G X12 NEW PRICE,22.08,
EASTERN PICKLES,ESTPUL,EST PULI-INJI PICKLE 400G X12 NEW PRICE,25.68,
EASTERN PICKLES,ESTTE,EST TENDER MANGO PICKLE 400G X12 NEW PRICE,29.99,
EASTERN PICKLES,MTRDHOKMIX,MTR DHOKLA MIX 200G X 12,9.99,
EASTERN PICKLES,MTRRASAM,MTR SPICE MADRAS RASAM POWDER 100G X 15,14.99,
EASTERN PICKLES,MTRRASAM1,MTR SPICE RASAM POWDER 200G X 12,17.99,
DOUBLE HORSE,DH1HRIDLYDO,DH 1HR IDLI-DOSA MIX 1KG X 12,33.99,
DOUBLE HORSE,DHAPP-M,DH APPAM IDIYAPPAM PODI 1KG X12 PRICE MARK,19.08,
DOUBLE HORSE,DHBIR-M,DH BIRIYANI MASALA 80G X12,15.48,
DOUBLE HORSE,DHCHEBR,DH CHEMBA RICE POWDER 1KG X 12,21.48,
DOUBLE HORSE,DHCHI-M,DH CHICKEN MASALA 140G X12,19.08,
DOUBLE HORSE,DHCHILLI1,DH RED CHILLY WHOLE LONG 1KG X 10,99.9,
DOUBLE HORSE,DHCORI-M,DH CORIYANDER POWDER 500G X20,63.8,
DOUBLE HORSE,DHCORRI,DH CORIANDER POWDER 140G X12,53.4,
DOUBLE HORSE,DHDAT-M,DH DATES PICKLE 400G X12,23.99,
DOUBLE HORSE,DHEAS-M,DH EASY PALAPPAM PODI 1KG X12,27.48,
DOUBLE HORSE,DHEGG-M,DH EGG MASALA 140G X12,16.68,
DOUBLE HORSE,DHHOT-M,DH HOT&SWEET LIME PICKLE 400G X12,23.88,
DOUBLE HORSE,DHINSIDIW,DH INT IDIYAPPAM WHITE 200G X30,0,
DOUBLE HORSE,DHJAYA5,DH JAYA RICE PARBOILED 5KG,6.99,
DOUBLE HORSE,DHMEA-M,DH MEAT MASALA 140G X12,19.08,
DOUBLE HORSE,DHPARPRA,DH INS PARIPPU PRADHAMAN 200 X 12,28.49,
DOUBLE HORSE,DHPUC-M,DH CHEMBA PUTTU PODI 1KG X12,26.28,
DOUBLE HORSE,DHPUTTUPODIW1KGX12,DH PUTTU PODI (W)1KG X12 ****PRICE MARK***,19.08,
DOUBLE HORSE,DHRAS-M,DH RASAM POWDER 140G X12,17.99,
DOUBLE HORSE,DHRIBB-M,DH RIBBON ADA 200G X50,69.99,
DOUBLE HORSE,DHRICER-M,DH RICE FLACK RED THICK 500G X20 (AVAL),29.99,
DOUBLE HORSE,DHRICERT-M,DH RICE FLAKE RED 500G X 20,29.99,
DOUBLE HORSE,DHRIP-M,DH RICE PALADA PAYASAM MIX 300G X24,40.99,
DOUBLE HORSE,DHRISEV,DH RICE SEVA 200G X 30,38.99,
DOUBLE HORSE,DHSOYAN5,DH SOYA CHUNK NANO 500G X20,57.99,
DOUBLE HORSE,DHSP-M,DH SEMIYA PAYSAM MIX 300G X24,40.99,
DOUBLE HORSE,DHTAMR1,DH SEEDLESS TAMARIND 1KGX10,47.9,
DOUBLE HORSE,DHVEG-M,DH VEGETABLE MASALA 140G X 12,17.99,
DOUBLE HORSE,DHVERR5-M,DH VERMICELLY (ROSTED)500G X24,50.99,
,IGIDLI,INDIA GATE IDLI RICE 2KG X 10,29.99,
,IGIDLI10,INDIA GATE IDLI RICE 10KG,11.99,
,IGIDLI5,INDIA GATE IDLI RICE 5KG X 4,27,
,IGPOHAMEDIUM,INDIA GATE POHA (MEDIUM) 500G X 20 (10+1 OFFER),29.8,
,IGPOHATHICK,INDIA GATE POHA (THICK) 500G X 20,29.8,
,IGPOHATHIN,INDIA GATE POHA (THIN)500G X 10 (10+1 OFFER),17.9,
,OC16/20,OCEAN FEAST BLK 16/20 1KG x 10 VANNAMI IQF,79.9,
,OC31/40,OCEAN FEAST BLK 31/40 1KG x 10 VANNAMI IQF,69.9,
,OC41/50,OCEAN FEAST BLK 41/50 1KG x 10 VANNAMI IQF,64.9,
ID,IDALOPAR,ID ALOO PAROTA 400G X 24 BUY 1 GET 1 FREE,33.36,
ID,IDHWHEPAR,ID HOMESTYLE WHEAT PAROTA 6PC 390G X 30,38.7,
ID,IDML,ID MALABAR PAROTA FAMILY(12 PC) 960G X12,36.99,
ID,IDMLP,ID MALABAR PAROTA (5 PC) 400GX30,36.6,
ID,IDMLPW,ID WHEAT PAROTA (5 PC) 400GX30,34.5,
ID,IDONIPAR,ID ONION PARATHA 400G X 24,33.36,
MELAM,MELBIRIN-M,MEL BIRIYANI MASALA 100G X12,15.99,
MELAM,MELCHILL-M,MEL CHILLY POWDER 500G X 24,89.99,
MELAM,MELGAR,MEL GARLIC PICKLE 400G X12,22.99,
KERALA TASTE,CHOPEDS-M,CHOPPED SPINCH 1KG X 10,13.99,
KERALA TASTE,KTHORD,KT NANDAN HORSE DAL 1KG X10,23.9,
KERALA TASTE,KTIDL1-M,KT IDLI RICE 1KG X12,17.99,
KERALA TASTE,KTIDL5-M,KT IDLI RICE 5KG X4,23.99,
KERALA TASTE,KTSOY-M,KT SOYA CHUNK 200G X 25,30.99,
KERALA TASTE,KTTEN-M,KT TENDER MANGO PICKLE 400G X12,23.88,
KERALA TASTE,KTURIDH,KT URAD DAL WHOLE 1KG X12,29.99,
KERALA TASTE,KTVERM-M,KT VERMISELLY UNROSTED 850G X8,23.49,
KERALA TASTE,KTVERMU,KT VERMISELLY UNROSTED 400G X 20,35.99,
KERALA TASTE,MIXVEG-M,MIX VEGTABLE 907G X12,17.99,
KERALA TASTE,SWEETCO-M,SWEETCORN 907G X12,23.88,
MARINE FRESH,MSANCHCS600,MARINE ANCHOVY H/L SMALL 600GM X 15,37.5,
MARINE FRESH,MSANCHOC600,MARINE ANCHOVY DRESSED BIG 600G X 15 HALF PRICE,23.99,
MARINE FRESH,MSCRABWH,MARINE CRAB WHOLE 800G X 10 HF PR (EXP SEP26),22.99,
MARINE FRESH,MSGOLDPOMP,MARINE GOLDEN POMPANO 200/300 1KG x 10,44.9,
MARINE FRESH,MSJAPANEC600,MARINE JAPANESE DRESSED 600GM X 15,47.99,
MARINE FRESH,MSMACKEC600,MARINE INDIAN MACKERAL H/L 600GM X 15,44.85,
MARINE FRESH,MSMACKEH600,MARINE INDIAN MACKERAL WHOLE 600G X 15 HALF PRICE,20.99,
MARINE FRESH,MSSARDINC600,MARINE SARDINE DRESSED 600GM X 15,40,
MARINE FRESH,MSSOLEFI,MARINE SOLE FISH WHOLE 600 X 15,41.85,
MARINE FRESH,MSSQRI,MARINE SQUID RING 600 X 15,67.35,
MARINE FRESH,MSSQUIDCLE,MARINE SQUID WHOLE CLEANED 600GM X 15,56.85,
MARINE FRESH,MSTHIL35,MARINE TILAPIA WHOLE 300-500 2.25 X 2,10.99,
MARINE FRESH,MSTHIL58,MARINE TILAPIA WHOLE 500-800 2.25 X 2,11.99,
NEPTUNE FROZEN FISH,NP4BT-M,NP PEELED&COOKED (31/40) 600G X15,86.85,
NEPTUNE FROZEN FISH,NP531/40,NP RAW &PEELED /RT (31/40) 600G X15,86.85,
NEPTUNE FROZEN FISH,NPANCHS-M,NP ANCHOVI SMALL H/L 600G X15,41.85,
NEPTUNE FROZEN FISH,NPBARA-M,NP BARACUDA STEAK 600G X15,50.85,
NEPTUNE FROZEN FISH,NPBLACP-M,NP BLACK POMFORT STEAK 600G X15,69,
NEPTUNE FROZEN FISH,NPBLUS,SAMUDRA BLU LEG CUTCRAB 1KG X 12,138,
NEPTUNE FROZEN FISH,NPEMP-M,NP EMPEROR STEAK 600G X15,57.75,
NEPTUNE FROZEN FISH,NPKIN1.2,NP KING FISH STEAK(FAMILY PACK) 1.2 KG X10,124.99,
NEPTUNE FROZEN FISH,NPKING-M,NP KING FISH 500G X20,90,
NEPTUNE FROZEN FISH,NPKING1-M,NP KING FISH 12KG (BULK),154.99,
NEPTUNE FROZEN FISH,NPKODU-M,NP KODUVA 600G X15,73.35,
NEPTUNE FROZEN FISH,NPLEAT-M,NP LEATHER JACKET 600G X15,59.99,
NEPTUNE FROZEN FISH,NPMUS,NP MUSSEL MEAT 400GMX25,62.99,
NEPTUNE FROZEN FISH,NPPANG-M,NP PANGASIUS STEAK 600G X15,43.35,
NEPTUNE FROZEN FISH,NPSARD-M,NP SARDIN SMALL H/L600G X15,41.85,
NEPTUNE FROZEN FISH,NPSEA-M,NP SEAFOOD MIX 600G X15,62.89,
NEPTUNE FROZEN FISH,NPTHA,NP THALAPATH 600G X15,69.99,
NEPTUNE FROZEN FISH,NPTHILS-M,NP THILIPIA STEAK 700G X15,52.35,
NEPTUNE FROZEN FISH,NPTRA-M,NP TRAVELLY STEAK 600G X15,69.99,
NEPTUNE FROZEN FISH,NPTUN-M,NP TUNA STEAK 600G X15,59.99,
FISH FROZEN OTHER,CALA-M,ROYAL CALAMARI (SQUID) 454G X24,71.76,
FISH FROZEN OTHER,EAGL,AR 13/15 RAW BT HOSO 10 x 600G,69.99,
FISH FROZEN OTHER,O/C,ARTIC ROYAL 26/30 I Q F P D 1KG (700GM) X 10,69.99,
FISH FROZEN OTHER,OCEAN,OC 16/20 HOSO 600GX10 NET,57.99,
FISH FROZEN OTHER,OCEN,ARTIC ROYAL 31/40 I Q F 1KG X 10,69,
FISH FROZEN OTHER,OCPR,OCEAN CLASSIC 13/15 HOSO BT BLOCK PRAWN 10X1KG (600 GM NET WEIGHT),64.99,
FISH FROZEN OTHER,PANGG,ASIAN STAR PANGASIUS FILLET IQF 1KG X 10,39.99,
FISH FROZEN OTHER,PR.6/8,SOBI KING PRAWNS6/8 700G X 6,80.99,
FISH FROZEN OTHER,PR16/20ACE,ACE PD 16/20 800GM X 6 (SONGA),72.99,
FISH FROZEN OTHER,PR8/12,8/12 O/C NSFL 700GMX 6,69.99,
FISH FROZEN OTHER,PRSOBI,SOBI RAW HLSO FW BLOCK 8/12 6X700G,69.99,
FISH FROZEN OTHER,SPIC-M,SPICE& FRIED SOLE FISH 65 X 12,23.99,
FISH FROZEN OTHER,THILAW-M,OC THILAPIA WHOLE IQF 300/500 2.5KG X2,15.99,
FISH FROZEN OTHER,WO,WONDER 30/40 RAW HOSOVAN IQF 6X2KG,69.99,
FISH FROZEN OTHER,WOND40/50,WONDER 40/50 RAW HOSOVAN IQF 6X2KG,67.99,
SHANA,SHAAI,SHA AAILA ORIGINAL PARATHA 1600 GM X 6PKT,17.99,
SHANA,SHAAIOKR,SHANA AAILA OKRA RINGS 300 GRM X 12,9.99,
SHANA,SHAAIOKW,SHANA AAILA OKRA WHOLE 300 GMS X 12,9.49,
SHANA,SHAALH,SHANA ALOO PARATA 400GM X 12,19.49,
SHANA,SHAC-M,SHANA CHILLY PARATHA 325GMX12,17.99,
SHANA,SHACHI&GAR-M,SHANA CHILLI &GARLIC PARATHA 1200G X6,24.79,
SHANA,SHACHI-M,SHANA CHAPPATI 320G X12,19.49,
SHANA,SHADR-M,SHANA DRUMSTICK (SARAGAWA) 300GX12,14.49,
SHANA,SHADUDHI,SHA DUDHI 12 X 300GM,14.99,
SHANA,SHAFA-M,SHANA MULTI PARATHA 1200G X6 +33% FREE,23.99,
SHANA,SHAGOBI,SHANA ALOO VEG GOBHI PARATHA 400G X 12,20.89,
SHANA,SHAM-M,SHANA MULTI CHAPPATI 800G X 6,21.99,
SHANA,SHAMA,SHANA MASALA CHAPATHI 12X300G,19.79,
SHANA,SHAME,SHANA METHI 300GX12,14.49,
SHANA,SHAMI,SHANA MIX VEG PARATHA 12X400G,21.48,
SHANA,SHAOK,SHANA OKRA RING 300GM X 12,15.79,
SHANA,SHAOK900,SHANA OKRA RING 900G X4,10.99,
SHANA,SHAOKR-M,SHANA OKRA WHOLE 300G X12,14.49,
SHANA,SHAOKWB,SHANA OKRA WHOLE 900GM X 4,10.99,
SHANA,SHAPA-M,SHANA PARATHA PLAIN 400G X24,39.99,
SHANA,SHAPATRA,SHANA PATRA 400GM X 12,20.49,
SHANA,SHAPU-M,SHANA PUNJABI SAMOSA 20s (1180G X6),27.99,
SHANA,SHAPUN,SHANA PUNJABI SAMOSA 8s 460g X6,12.99,
SHANA,SHASPI-M,SHANA SPINCH 300G X12,13.99,
SHANA,SHATU,SHANA TURAIA 300GX12,14.49,
SHANA,SHATUVAR,SHANA TUVAR 300GM X 12,15.49,
SHANA,SHAWHOL-M,SHANA W.MEAL LACHA PARATHA 1200GX6(MP),23.99,
MAGIC TASTES,MTBEECUTL,MAGIC T BEEF CUTLETS 350GM X 12,44.28,
MAGIC TASTES,MTBEEFC,MAGIC T BEEF COCONUT FRY 270G X 12,49.99,
MAGIC TASTES,MTBEEROS,MAGIC T BEEF ROAST 270GM X 12,49.99,
MAGIC TASTES,MTBEPI,MAGIC T BEEF PICKLE 270 X 12,44.28,
MAGIC TASTES,MTBUTTCHI,MAGIC T BUTTER CHICKEN 350G X 12,44.28,
MAGIC TASTES,MTCB,MAGIC T CHICKEN BIRIYANI 350G X 12,44.28,
MAGIC TASTES,MTCHCU,MAGIC T CHICKEN CURRY 350G X 12,44.28,
MAGIC TASTES,MTCHILLCH,MAGIC T CHILLI CHICKEN 350G X 12,44.28,
MAGIC TASTES,MTFISHBI,MAGIC T FISH BIRIYANI 350G X 12,44.28,
MAGIC TASTES,MTFISHCUT,MAGIC T FISH CUTLETS 350GM X 12,44.28,
MAGIC TASTES,MTFISHPIC,MAGIC T FISH PICKLE 270G X 12,44.28,
MAGIC TASTES,MTKAPPB,MAGIC T KAPPA BIRYANI (BEEF) 350G X 12,44.28,
MAGIC TASTES,MTKINFCU,MAGIC T FISH CURRY 270G X 12,44.28,
MAGIC TASTES,MTMUTB,MAGIC T MUTTON BIRYANI 350G X 12,44.28,
MAGIC TASTES,MTMUTCU,MAGIC T MUTTON CURRY 300G X 12,49.99,
MAGIC TASTES,MTPRAWBR,MAGIC T PRAWNS BIRIYANI 350G X 12,44.28,
MAGIC TASTES,MTPRAWPIC,MAGIC T PRAWN PICKLE 270G X 12,44.28,
PULVERA,PULVE,PLUVERA LEG & THIGH CUT 2KG X 5,34.99,
PULVERA,PULVEL5,PLUVERA LEG & THIGH CUT 5KG X 2,37.99,
PULVERA,PULVG,PLUVERA GIZZARDS 1KG X 10,33.49,
PULVERA,PULVW12,PLUVERA WHOLE CHICKEN 1200GM X 10,32.99,
,TNANCHOVYMARINATED,TN FZN ANCHOVY MARINATED 284G X 12,39.49,
,TNANGMANGOFRO,TN FZN ANGAMALY MANGO CURRY 284G X 12,26.28,
,TNCHAKKAMANGOFRO,TN FZN CHAKKAKURU MANGO CURRY 284G X 12,26.28,
,TNFISHBIRIYANIMAHI,TN FZN FISH BIRIYANI (MAHI MAHI) 284G X 12,38.99,
,TNFISHMANGOCURRY,TN FZN FISH MANGO CURRY 284G X 12,52.49,
,TNFISHMASALA,TN FZN FISH MASALA 284G X 12,52.49,
,TNFISHMOILEEMAHI,TN FZN FISH MOILEE (MAHI MAHI) 284G X 12,52.49,
,TNFISHPOLLICHATHU,TN FZN FISH POLLICHATHU 284G X 12,52.49,
,TNFISHROAST,TN FZN FISH ROAST 284G X 12,52.49,
,TNKERALAFISHCOCONUTMILK,TN FZN KERALA FISH CURRY WITH COCO MILK 284G X 12,42.99,
,TNKERALAFISHSHAPILECURRY,TN FZN FISH CURRY SHAPPILE CURRY 284G X 12,39.49,
,TNKILIMEENCLEANED,TN FZN KILIMEEN CLEANED 600G X 15,47.99,
,TNKINGFISHCURRY,TN FZN KING FISH CURRY 284G X 12,58.2,
,TNKOOTUCURRYFRO,TN FZN KOOTTU CURRY 284G X 12,26.28,
,TNMACKERELMARINATEDTN,FZN MACKEREL MARINATED (15-16) 284G X 12,34.69,
,TNMACKERELMULAKITTATHU,TN FZN MACKEREL MULAKITTATHU 284G X 12,39.49,
,TNPRAWNBIRIYANI,TN FZN PRAWN BIRIYANI 284G X 12,38.99,
,TNPRAWNMANGOCURRY,TN FZN PRAWN MANGO CURRY 284G X 12,42.99,
,TNPRAWNROAST,TN FZN PRAWN ROAST 284G X 12,52.49,
,TNSAILFISHCURRYCUT,TN FZN SAIL FISH CURRY CUT 600G X 15,62.85,
,TNSARDINEMARINATED,TN FZN SARDINE MARINATED 284G X 12,33.49,
,TNSARDINEMULAKITTATHUTN,FZN SARDINE MULAKITTATHU 284G X12,39.49,
HALDIRAM,HDALLINONE,HD ALL IN ONE 200G x 10,7.29,
HALDIRAM,HDALOOBHUJIA,HD ALOO BHUJIA 200G x 10,7.29,
HALDIRAM,HDALOOK,HALDI ALOO KULCHA 320G X 24,52,
HALDIRAM,HDBHELPURI,HD BHELPURI 200G x 10,7.29,
HALDIRAM,HDBHUJIAMASALA,HD BHUJIA 200G x 10,7.29,
HALDIRAM,HDBOMBAYMIX,HD BOMBAY MIX 200G x 10,7.29,
HALDIRAM,HDBOMBAYMIXORIGINALHD,BOMBAY MIX ORIGINAL 200G x 6,4.5,
HALDIRAM,HDBOONDIMASALA,HD BOONDI MASALA 200G x 10,7.29,
HALDIRAM,HDBOONDIPLAIN,HALDIRAM BOONDI SALTED 200G x 10,7.29,
HALDIRAM,HDCHAMU,HALDI MULTIGRAIN CHAPATI 360GM X 24 PM: £2.49,38.88,
HALDIRAM,HDCHANADAL,HD CHANA DAL 200G X 10,7.29,
HALDIRAM,HDCHILLILACCHA,HD CHILLI LACCHA 200G x 5,3.75,
HALDIRAM,HDCOCOCHTY,HALDI COCONUT CHUTNEY 5CUPX60G X 12,30,
HALDIRAM,HDDALBIJI,HD DAL BIJI 200G x 15,10.99,
HALDIRAM,HDDALMAKHANI,HALDI VEGAN DALMAKHANI 283G X 12,31.08,
HALDIRAM,HDDEWRMV,HALDI DESI WRAP MIX.VEG 156G X 24,36,
HALDIRAM,HDDEWRSHAM,HALDI DESI WRAP SHAMI KEBAB 156G X 24,36,
HALDIRAM,HDGATHIYA,HD GATHIYA 200G x 5,3.65,
HALDIRAM,HDGUJRATIMIX,HD GUJRATI MIX 200G x 10,7.29,
HALDIRAM,HDKASHMIRIMIX,HD KASHMIRI MIX 200G x 15,13.99,
HALDIRAM,HDKHATTAMEETHA,HD KHATTA MEETHA 200G x 10,7.29,
HALDIRAM,HDMATHRI,HD MATHRI 200G x 10,7.29,
HALDIRAM,HDMETHISEV,HD METHI SEV 200G x 10,7.29,
HALDIRAM,HDMOM,HD VEG MOMOS 350G X 16 PM: £2.99,31.99,
HALDIRAM,HDMOONGDAL,HD MOONG DAL 200G x 10,7.29,
HALDIRAM,HDMOONGDALMASALA,HD MOONG DAL MASALA 200G x 10,7.29,
HALDIRAM,HDMUTTK,HALDI MUTTER KACHORI 420G X 20,56,
HALDIRAM,HDNAVRATNA,HD NAVRATNA MIX 200G x 10,7.29,
HALDIRAM,HDNIMBUMASALA,HD NIMBU MASALA 200G x 10,7.79,
HALDIRAM,HDOFALOTI,HALDI OFFER ALOO TIKKI 420G X 20,31.49,
HALDIRAM,HDOFCOCS,HALDI OFFER COCKTAIL SAMOSA 650GM X 12,29.49,
HALDIRAM,HDOFDALKA,HALDI OFFER DAL KACHORI 420G X 20,31.49,
HALDIRAM,HDOFMETHI300,HALDI OFFER METHI PARATHA 300G X 24,23,
HALDIRAM,HDOFPHU,HALDI OFFER PHULKA ROTI 360G X 24,22.99,
HALDIRAM,HDOFPUNS,HALDI OFFER PUNJABI SAMOSA 650G X 12,26.49,
HALDIRAM,HDOLONGSEV,HD LONG SEV 200G x 10,7.29,
HALDIRAM,HDPARAALOO,HALDI ALOO PARATHA 400G X 20 £2.49PM,32.4,
HALDIRAM,HDPARAHOME,HALDI HOMESTYLE PARATHA 360G X 24 £1.99PM,30.99,
HALDIRAM,HDPARALACHHA,HALDI LACHHA PARATHA 360G X 24 PM: £1.99,30.96,
HALDIRAM,HDPARAMETHI,HALDI METHI PARATHA 300G X 24 PM: £1.99,30.96,
HALDIRAM,HDPARAMIXVEG,HALDI MIX VEG PARATHA 400G X 20 PM :2.49,32.4,
HALDIRAM,HDPUNJABISAM,HALDI PUNJABI SAMOSA 650G X 12 PM: £4.99,38.88,
HALDIRAM,HDPUNJABITADKA,HD PUNJABI TADKA 200G x 10,7.29,
HALDIRAM,HDRAJRASEELA,HALDI RAJMA RASEELA 283G X 12,24.49,
HALDIRAM,HDSABUDA,HALDI SABUDANA TIKKI 320GM X 12,30,
HALDIRAM,HDSAMOSA,HD SAMOSA 200G x 10,7.29,
HALDIRAM,HDSOANPAPDI,HD SOAN PAPDI 500G,1.95,
HALDIRAM,HDSPROLL,HD SPRING ROLL 370G X 12,33,
HALDIRAM,HDTADKADAL,HALDI TADKA DAL 283G X 12,25.49,
HALDIRAM,HDTANGA,HALDI TANDOORI GARLIC NAAN 400G X 20 £2.49PM,32.49,
ROYAL DELICASY,RDGRATEDC,RD GRATED COCONUT 400GM X 28,69.72,
SARAS,SARCORI,SARAS CORIANDER POWDER 500G X 20,39.8,
SARAS,SARIDIA,SARAS EASY IDIAPPAM PODI 1KG X 12,23.88,
SARAS,SARPALAP,SARAS EASY PALAPPAM PODI 1KG X 12,23.88,
SARAS,SARTAMARIND,SARAS TAMARIND (V PULI) 500G X 20,35,
SARAS,SARV,SARAS COCO VARATHARA GRAVY10X200GM,19.9,
MAYIL,MLCUTMANGOPICK,MAYIL CUT MANGO PICKLE 1KG X 6,18.49,
TYJ,TYJ-M,TYJ SPRING ROLL10 inch x30 SHEETS X30PKT,49.99,
TYJ,TYJS-M,TYJ SPRING ROLL 8.5 inch X40SHEETS X 20PKT,38.99,
TASTY NIBBLES,TNKFCCOCPO,TN KERALA FISH CURRY&COCONUT MILK POUCH 200GX24,56.99,
TASTY NIBBLES,TNKFCSHAPOU,TN KERALA FISH SHAPPILE CURRY POUCH 200GX24,56.99,
TASTY NIBBLES,TNPRAMANGPO,TN PRAWN MANGO CURRY POUCH 200GX24,62.99,
PARLE,PARH,PARLE HIDE & SEEK BOURBON 60 X 82.5 GM,19.99,
PARLE,PARHC,PARLE HYDE&SEEK CHOKLATE 60X82.5GM,29.99,
PARLE,PARL,PARLE-G BISCUITS 79.9GM X 144,25.92,
PARLE,PARL2,PARLE-G BISCUITS FAMILY PACK 14X799GM,22.99,
PARLE,PARR,PARLE ELACHI RUSK FAMILY 12X600GM,25.99,
,EVECHICKEN,EVEREST CHICKEN MASALA 100G X 10,12.9,
,EVEMEAT,EVEREST MEAT MASALA 100G X 10,11.9,
GRB,GRB2,GRB GHEE 2L X 6,143.88,
GRB,GRBDATESHAL,GRB DATES HALWA 200G X 40,87.6,
GRB,GRBDRYFRHAL,GRB DRY FRUITS HALWA 200G X 40,87.6,
GRB,GRBMYSORE,GRB CRISPY MYSORE PAK 200G X 24,61.96,
GRB,GRBMYSPAK400,GRB CRISPY MYSORE PAK 400G X 16,79.84,
GRB,GRBPINEHAL,GRB PINEAPPLE HALWA 200G X 40,87.6,
GRB,GRBSOANPAP,GRB SOAN PAPDI 200G X 40,66.6,
GRB,MUTTON,MUTTON BONE CURRY CUT 1 KG x 20,160,
TOWN BUS,TBALBHUJ,TOWN BUS ALOO BHUJIA 150G X 28,27.72,
TOWN BUS,TBKHARBHO,TOWN BUS KHARA BOONDI 170G X 48,47.52,
TOWN BUS,TBKHARSEV,TOWN BUS KHARA SEV 170G X 48,47.52,
TOWN BUS,TBKODUB340,TOWN BUS KODUBALE 340G X 32,60.48,
TOWN BUS,TBMIXKERA,TOWN BUS KERALA MIXTURE 170G X 48,47.52,
TOWN BUS,TBMIXMADR,TOWN BUS MADARAS MIXTURE 170G X 48,47.52,
TOWN BUS,TBPEANMAS,TOWN BUS MASALA PEANUT 170G X 48,47.52,
TOWN BUS,TBTHATTAI340,TOWN BUS THATTAI 340G X 32,60.48,
TOWN BUS,TBTHEENKU,TOWN BUS THENKUZHAL MURUKKU 170G X 48,47.52,
MAGGI,MAGGI,MAGGI COCO MILK POWDER 1KG X 12,119.99,
RICES (ALL BRANDS),DHJAY-M,DH JAYA RICE 10KG,13.99,
RICES (ALL BRANDS),DHMATT-M,DH RICE MATTA 10KG,12.99,
RICES (ALL BRANDS),IGBASMATI5,INDIA GATE CLASSIC BASMATI RICE 5KG x 4,53.96,
RICES (ALL BRANDS),IGBASMATIPREMIUM,INDIA GATE PREMIUM BASMATI RICE 5KG X 4 (500G Free),47.96,
RICES (ALL BRANDS),IGBASMATISELLA,INDIA GATE GOLDEN SELLA BASMATI RICE 5KG x 4,47.96,
RICES (ALL BRANDS),IGGOLDENSELLA1,INDIA GATE GOLDEN SELLA RICE 1KG x 20,29.9,
RICES (ALL BRANDS),IGJEERA,INDIA GATE JEERA RICE 5KG X 4,49.96,
RICES (ALL BRANDS),IGJEERA2,INDIA GATE JEERA RICE 2KG X 10,53.9,
RICES (ALL BRANDS),IGPONNI,INDIA GATE PONNI RICE 10KG,12.49,
RICES (ALL BRANDS),IGSONAMAS,INDIA GATE SONA MASOORI 10 KG,12.99,
RICES (ALL BRANDS),IGSONAMAS5,INDIA GATE SONA MASOORI RICE 5KG X 4,29,
RICES (ALL BRANDS),KTGHEE20KG,KT GHEE RICE 20KG,54.99,
RICES (ALL BRANDS),MCBROK,MC BROKEN RICE 1KG X12,23.88,
RICES (ALL BRANDS),MCJAYA5,MC JAYA RICE 5KG X 4,25.99,
RICES (ALL BRANDS),MCKHAIMA,MC KHIMA RICE 5KG X 4,55.99,
RICES (ALL BRANDS),MCKHAIMA2,MC KHIMA RICE 2KG X 9,44.99,
RICES (ALL BRANDS),MCPON,MC TANJ PONNI BOILED RICE 5KG X4,25.99,
RICES (ALL BRANDS),MCPONNIR,MC TANJ PONNI BOILED RICE 2KG X 9,24.99,
RICES (ALL BRANDS),MCSON,MC SONA MASOORI RICE 5KG X4,29.49,
RICES (ALL BRANDS),MCSONAM,MC SONA MASOORI RICE 2KG X 9,27.49,
RICES (ALL BRANDS),MCWHITERAWRICE,MC WHITE RAW RICE 2KG X 09,25.75,
RICES (ALL BRANDS),MCWITERAW,MC WHITE RAW RICE 5KG X 4,27.99,
RICES (ALL BRANDS),PAVIZH-M,PAVIZHAM MATTA RICE 10KG,12.99,
RICES (ALL BRANDS),RAMAJEYASONA5,RAMAJEYAM SONA MASOORI 5KG X 4,27.96,
RICES (ALL BRANDS),ROSESELLA20,BARDHAMAN ROSE SELLA BASMATI RICE 20KG X 1,39.99,
RICES (ALL BRANDS),SARMATTA,SARAS MATTA RICE 10KG,10.99,
RICES (ALL BRANDS),TRIVENIM,TRIVENI MATTA RICE 20 LBS (9.08 KG),8.49,
RICES (ALL BRANDS),TRIVENISONA,TRIVENI SONA MASOORI RICE 9.07KG (20 LBS) ***OFFER PRICE ***,8.99,
RICES (ALL BRANDS),VSMAT,VS MATTA RICE 10KG,10.99,
RICES (ALL BRANDS),VSMAT5,VS MATTA RICE 5KG,5.99,
CROCKERY,AMMIKALLU,STONE AMMIKALLU,45,
CROCKERY,NOLAPPACH,NOLTA APPACHATTY,9.99,
CROCKERY,NOLBIRYAP13,NOLTA DUM BIRIYANI POT 13 LTR,37.99,
CROCKERY,NOLBIRYAP16,NOLTA DUM BIRIYANI POT 16 LTR,42.99,
CROCKERY,NOLBIRYAP8.5,NOLTA BIRIYANI POT 8.5 LTR,23.99,
CROCKERY,NOLCOOKER3,NOLTA COOKER 3 LTR (ALUMINIUM),16.99,
CROCKERY,NOLCOOKER5,NOLTA COOKER 5 LTR (ALUMINIUM),21.49,
CROCKERY,NOLCOOKER7.5,NOLTA COOKER 7.5 LTR (ALUMINIUM),24.99,
CROCKERY,NOLHOTP3.5,NOLTA HOT POT 3.5 LTR,15.99,
CROCKERY,NOLHOTP5,NOLTA HOT POT 5 LTR,20.99,
CROCKERY,NOLIDLICO,NOLTA IDLI COOKER (16 IDLI),16.99,
CROCKERY,NOLKADA260,NOLTA KADAI 260MM,15.99,
CROCKERY,NOLTAWAM,NOLTA MULTI TAWA 280MM,11.99,
CROCKERY,PREECOCOSTA,PREETHI COCOSTA,66.99,
CROCKERY,PUTTUKOD,PUTTU KODAM LEKSHMI SUPERGOLD,7.99,
OTHER ITEMS,BANALE-M,BANANA LEAF PAPER X 100,13.99,
OTHER ITEMS,LEAFSP-B,LEAF SPINACH BLOCK 4 X 2.5KG,12.99,
OTHER ITEMS,LGKAY2,LG KAYAM POWDER 50G X20,25.8,
OTHER ITEMS,MANBB,MANCHATTY BLACK MEDIUM,8.99,
OTHER ITEMS,MANBL,MANCHATTY BLACK LARGE,10.99,
OTHER ITEMS,SADYAPAZHAYIDOM,PAZHAYIDOM FROZEN ONASADHYA FAMILY PACK,34.99,
OTHER ITEMS,THIIL,OC THILAPIA FILLET 5/7OZ 1KG X5,24.99,
OTHER ITEMS,V.MIXEDVEG,MIX VEGETABLES 907GR,1.38,
OTHER ITEMS,V.PEAS,PEAS 907 GRM,1.58,
